<?xml version="1.0" encoding="UTF-8"?>
<project-private xmlns="http://www.netbeans.org/ns/project-private/1">
    <editor-bookmarks xmlns="http://www.netbeans.org/ns/editor-bookmarks/2" lastBookmarkId="0"/>
    <open-files xmlns="http://www.netbeans.org/ns/projectui-open-files/2">
        <group>
            <file>file:/F:/BKEL/HK5/Computer%20Network/Java/Server/src/Class/User.java</file>
            <file>file:/F:/BKEL/HK5/Computer%20Network/Java/Server/src/login_register/Server.java</file>
            <file>file:/F:/BKEL/HK5/Computer%20Network/Java/Server/src/Protocol/Tags.java</file>
            <file>file:/F:/BKEL/HK5/Computer%20Network/Java/Server/src/Protocol/AttachTagsMsg.java</file>
            <file>file:/F:/BKEL/HK5/Computer%20Network/Java/Server/src/Protocol/DetachTagsMsg.java</file>
            <file>file:/F:/BKEL/HK5/Computer%20Network/Java/Server/src/login_register/My_CNX.java</file>
        </group>
    </open-files>
</project-private>
